{
    "schema_version": "0.0.1",
    "bdf_zones": [{
            "bdf_zone": "zsec_bdf",
            "active_modules": ["ltm"],
            "environments": [{
                    "environment": "production",
                    "gtm_cluster": {},
                    "afs_zones": [{
                            "afs_zone": "PA1F",
                            "adc_cluster": {
                                "vip_subnets": [
                                    "1.1.1.0/24"
                                ],
                                "snat_ips": [
                                    "1.1.1.1",
									"1.1.1.2"
                                ],
                                "devices": [{
                                        "mgmt_ip": "192.168.168.245",
                                        "fqdn": "inteLb1.lab"
                                    }, {
                                        "mgmt_ip": "192.168.168.245",
                                        "fqdn": "inteLb2.lab"
                                    }
                                ]
                            }
                        }
                    ]
                }, {
                    "environment": "integration",
                    "gtm_cluster": {},
                    "afs_zones": [{
                            "afs_zone": "IA1F",
                            "adc_cluster": {
                                "vip_subnets": [
                                    "1.1.1.0/24"
                                ],
                                "snat_ips": [
                                    "1.1.1.1",
									"1.1.1.2"
                                ],
                                "devices": [{
                                        "mgmt_ip": "192.168.168.245",
                                        "fqdn": "inteLb1.lab"
                                    }, {
                                        "mgmt_ip": "192.168.168.245",
                                        "fqdn": "inteLb2.lab"
                                    }
                                ]
                            }
                        }
                    ]
                }
            ]
        }, {
            "bdf_zone": "zsec_internet",
            "active_modules": ["ltm"],
            "environments": [{
                    "environment": "production",
                    "gtm_cluster": {
                        "suffix_fqdn": ".ha.bdf.private",
                        "devices": [{
                                "mgmt_ip": "192.168.168.245",
                                "fqdn": "prodGTM1.lab"
                                
                            }
                        ]
                    },
                    "afs_zones": [{
                            "afs_zone": "PA1N",
                            "adc_cluster": {
                                "vip_subnets": [
                                    "1.1.1.0/24"
                                ],
                                "snat_ips": [
                                    "1.1.1.1",
									"1.1.1.2"
                                ],
                                "devices": [{
                                        "mgmt_ip": "192.168.168.245",
                                        "fqdn": "inteLb1.lab"
                                    }, {
                                        "mgmt_ip": "192.168.168.245",
                                        "fqdn": "inteLb2.lab"
                                    }
                                ]
                            }
                        }, {
                            "afs_zone": "PB1N",
                            "adc_cluster": {
                                "vip_subnets": [
                                    "1.1.1.0/24"
                                ],
                                "snat_ips": [
                                    "1.1.1.1",
									"1.1.1.2"
                                ],
                                "devices": [{
                                        "mgmt_ip": "192.168.168.245",
                                        "fqdn": "inteLb1.lab"
                                    }, {
                                        "mgmt_ip": "192.168.168.245",
                                        "fqdn": "inteLb2.lab"
                                    }
                                ]
                            }
                        }
                    ]
                }, {
                    "environment": "integration",
                    "gtm_cluster": {
                        "suffix_fqdn": ".iha.bdf.private",
                        "devices": [{
                                "mgmt_ip": "192.168.168.245",
                                "fqdn": "inteGTM1.lab"
                            }
                        ]
                    },
                    "afs_zones": [{
                            "afs_zone": "IA1N",
                            "adc_cluster": {
                                "vip_subnets": [
                                    "1.1.1.0/24"
                                ],
                                "snat_ips": [
                                    "1.1.1.1",
									"1.1.1.2"
                                ],
                                "devices": [{
                                        "mgmt_ip": "192.168.168.245",
                                        "fqdn": "inteLb1.lab"
                                    }, {
                                        "mgmt_ip": "192.168.168.245",
                                        "fqdn": "inteLb2.lab"
                                    }
                                ]
                            }
                        }, {
                            "name": "IB1N",
                            "adc_cluster": {
                                "vip_subnets": [
                                    "1.1.1.0/24"
                                ],
                                "snat_ips": [
                                    "1.1.1.1",
									"1.1.1.2"
                                ],
                                "devices": [{
                                        "mgmt_ip": "192.168.168.245",
                                        "fqdn": "inteLb1.lab"
                                    }, {
                                        "mgmt_ip": "192.168.168.245",
                                        "fqdn": "inteLb2.lab"
                                    }
                                ]
                            }
                        }
                    ]
                }
            ]
        }, {
            "bdf_zone": "maia",
            "active_modules": ["ltm"],
            "environments": [{
                    "environment": "production",
                    "gtm_cluster": {
                        "suffix_fqdn": ".ha.banque-france.net",
                        "devices": [{
                                "mgmt_ip": "192.168.168.245",
                                "fqdn": "prodGTM1.lab"
                            }
                        ]
                    },
                    "afs_zones": [{
                            "afs_zone": "maia_PA",
                            "adc_cluster": {
                                "vip_subnets": [
                                    "1.1.1.0/24"
                                ],
                                "snat_ips": [
                                    "1.1.1.1",
									"1.1.1.2"
                                ],
                                "devices": [{
                                        "mgmt_ip": "192.168.168.245",
                                        "fqdn": "inteLb1.lab"
                                    }, {
                                        "mgmt_ip": "192.168.168.245",
                                        "fqdn": "inteLb2.lab"
                                    }
                                ]
                            }
                        }, {
                            "afs_zone": "maia_PB",
                            "adc_cluster": {
                                "vip_subnets": [
                                    "1.1.1.0/24"
                                ],
                                "snat_ips": [
                                    "1.1.1.1",
									"1.1.1.2"
                                ],
                                "devices": [{
                                        "mgmt_ip": "192.168.168.245",
                                        "fqdn": "inteLb1.lab"
                                    }, {
                                        "mgmt_ip": "192.168.168.245",
                                        "fqdn": "inteLb2.lab"
                                    }
                                ]
                            }
                        }
                    ]
                }, {
                    "environment": "integration",
                    "gtm_cluster": {
                        "suffix_fqdn": ".intha.banque-france.net",
                        "devices": [{
                                "mgmt_ip": "192.168.168.245",
                                "fqdn": "inteGTM1.lab"
                            }
                        ]
                    },
                    "afs_zones": [{
                            "afs_zone": "maia_IA",
                            "adc_cluster": {
                                "vip_subnets": [
                                    "1.1.1.0/24"
                                ],
                                "snat_ips": [
                                    "1.1.1.1",
									"1.1.1.2"
                                ],
                                "devices": [{
                                        "mgmt_ip": "192.168.168.245",
                                        "fqdn": "inteLb1.lab"
                                    }, {
                                        "mgmt_ip": "192.168.168.245",
                                        "fqdn": "inteLb2.lab"
                                    }
                                ]
                            }
                        }, {
                            "afs_zone": "maia_IB",
                            "adc_cluster": {
                                "vip_subnets": [
                                    "1.1.1.0/24"
                                ],
                                "snat_ips": [
                                    "1.1.1.1",
									"1.1.1.2"
                                ],
                                "devices": [{
                                        "mgmt_ip": "192.168.168.245",
                                        "fqdn": "inteLb1.lab"
                                    }, {
                                        "mgmt_ip": "192.168.168.245",
                                        "fqdn": "inteLb2.lab"
                                    }
                                ]
                            }
                        }
                    ]
                }
            ]
        }, {
            "bdf_zone": "zac_e",
            "active_modules": ["ltm", "ASM"],
            "environments": [{
                    "environment": "production",
                    "gtm_cluster": {},
                    "afs_zones": [{
                            "afs_zone": "PA5C",
                            "adc_cluster": {
                                "vip_subnets": [
                                    "10.10.1.0/24"
                                ],
                                "snat_ips": [
                                    "1.1.1.1",
									"1.1.1.2"
                                ],
                                "devices": [{
                                        "mgmt_ip": "192.168.168.245",
                                        "fqdn": "inteLb1.lab"
                                    }, {
                                        "mgmt_ip": "192.168.168.245",
                                        "fqdn": "inteLb2.lab"
                                    }
                                ]
                            }
                        }, {
                            "afs_zone": "PB5C",
                            "adc_cluster": {
                                "vip_subnets": [
                                    "10.10.2.0/24"
                                ],
                                "snat_ips": [
                                    "1.1.1.1",
									"1.1.1.2"
                                ],
                                "devices": [{
                                        "mgmt_ip": "192.168.168.245",
                                        "fqdn": "inteLb1.lab"
                                    }, {
                                        "mgmt_ip": "192.168.168.245",
                                        "fqdn": "inteLb2.lab"
                                    }
                                ]
                            }
                        }
                    ]
                }, {
                    "environment": "integration",
                    "gtm_cluster": {},
                    "afs_zones": [{
                            "afs_zone": "IA5C",
                            "adc_cluster": {
                                "vip_subnets": [
                                    "10.10.11.0/24"
                                ],
                                "snat_ips": [
                                    "1.1.1.1",
									"1.1.1.2"
                                ],
                                "devices": [{
                                        "mgmt_ip": "192.168.168.245",
                                        "fqdn": "inteLb1.lab"
                                    }, {
                                        "mgmt_ip": "192.168.168.245",
                                        "fqdn": "inteLb2.lab"
                                    }
                                ]
                            }
                        }, {
                            "afs_zone": "IB5C",
                            "adc_cluster": {
                                "vip_subnets": [
                                    "10.10.12.0/24"
                                ],
                                "snat_ips": [
                                    "2.2.2.1",
									"2.2.2.2"
                                ],
                                "devices": [{
                                        "mgmt_ip": "192.168.168.245",
                                        "fqdn": "inteLb1.lab"
                                    }, {
                                        "mgmt_ip": "192.168.168.245",
                                        "fqdn": "inteLb2.lab"
                                    }
                                ]
                            }
                        }
                    ]
                }
            ]
        }
    ]
}
