{
    "schemaVersion": "3.54.0",
    "${m_application}": {
        "class": "Application",
        "${m_vsName}": {
            "class": "Service_HTTP",
            "virtualAddresses": [
                "${m_vsIp}"
            ],
            "pool": "pool"
        },
        "pool": {
            "class": "Pool",
            "members": [
                %{ for member in m_pool_members ~}
                {
                    "servicePort": ${member.port},
                    "serverAddresses": ["${member.address}"]
                }%{ if length(m_pool_members) > 1 && member != m_pool_members[length(m_pool_members) - 1] },%{ endif }
                %{ endfor ~}
            ]
        }
    }
}